-- ============================================================
-- VertaX Demo 种子数据
-- 使用方法：
--   1. 在 Supabase SQL Editor 中执行本文件
--   2. 用以下账号登录：
--      邮箱: demo@vertax.ai
--      密码: demo123456
--   3. 如用户已存在，替换下方的 UUID 后再执行
-- ============================================================

-- 固定 UUID（方便识别和替换）
-- demo_team_id:  '00000000-0000-0000-0000-000000000001'
-- demo_user_id:  '00000000-0000-0000-0000-000000000002'
-- demo_user2_id: '00000000-0000-0000-0000-000000000003'

BEGIN;

-- ===== 1. 创建 Demo 团队 =====
INSERT INTO tenants (id, name, company_name, industry, plan, subscription_status, trial_ends_at)
VALUES (
  '00000000-0000-0000-0000-000000000001',
  'VertaX 演示团队',
  '星辰科技有限公司',
  'SaaS / 企业服务',
  'pro',
  'trial',
  now() + interval '14 days'
) ON CONFLICT (id) DO NOTHING;

-- ===== 2. 创建 Demo 用户 =====
-- 密码: demo123456
INSERT INTO users (id, name, email, password)
VALUES (
  '00000000-0000-0000-0000-000000000002',
  '张演示',
  'demo@vertax.ai',
  '$2b$10$JFxpxbP1789k25/wpC9tHusc7bJ/odEsy3257JY0dM.JDPOMZsoYa'
) ON CONFLICT (id) DO NOTHING;

-- 第二个成员
INSERT INTO users (id, name, email, password)
VALUES (
  '00000000-0000-0000-0000-000000000003',
  '李成员',
  'member@vertax.ai',
  '$2b$10$JFxpxbP1789k25/wpC9tHusc7bJ/odEsy3257JY0dM.JDPOMZsoYa'
) ON CONFLICT (id) DO NOTHING;

-- ===== 3. 团队成员 =====
INSERT INTO team_members (team_id, user_id, role)
VALUES
  ('00000000-0000-0000-0000-000000000001', '00000000-0000-0000-0000-000000000002', 'owner'),
  ('00000000-0000-0000-0000-000000000001', '00000000-0000-0000-0000-000000000003', 'editor')
ON CONFLICT (team_id, user_id) DO NOTHING;

-- ===== 4. 知识库 =====
INSERT INTO knowledge_bases (id, team_id, name, description)
VALUES
  ('00000000-0000-0000-0000-000000000010', '00000000-0000-0000-0000-000000000001', '产品知识库', '公司产品介绍、功能说明、技术文档'),
  ('00000000-0000-0000-0000-000000000011', '00000000-0000-0000-0000-000000000001', '销售话术库', '销售脚本、常见问题应答、竞品对比')
ON CONFLICT (id) DO NOTHING;

-- ===== 5. 文档（演示用） =====
INSERT INTO documents (id, team_id, user_id, knowledge_base_id, name, file_url, file_size, file_type, status)
VALUES
  ('00000000-0000-0000-0000-000000000020', '00000000-0000-0000-0000-000000000001', '00000000-0000-0000-0000-000000000002', '00000000-0000-0000-0000-000000000010', 'VertaX 产品介绍.pdf', 'https://example.com/demo/product-intro.pdf', 1024000, 'pdf', 'ready'),
  ('00000000-0000-0000-0000-000000000021', '00000000-0000-0000-0000-000000000001', '00000000-0000-0000-0000-000000000002', '00000000-0000-0000-0000-000000000010', 'API 接口文档.md', 'https://example.com/demo/api-docs.md', 51200, 'markdown', 'ready'),
  ('00000000-0000-0000-0000-000000000022', '00000000-0000-0000-0000-000000000001', '00000000-0000-0000-0000-000000000002', '00000000-0000-0000-0000-000000000011', '销售常见问题 FAQ.docx', 'https://example.com/demo/sales-faq.docx', 204800, 'docx', 'ready')
ON CONFLICT (id) DO NOTHING;

-- ===== 6. 内容/文章 =====
INSERT INTO contents (id, team_id, user_id, template_id, title, content, language, status, tags)
VALUES
  (
    '00000000-0000-0000-0000-000000000030',
    '00000000-0000-0000-0000-000000000001',
    '00000000-0000-0000-0000-000000000002',
    'product_intro',
    'VertaX：AI 驱动的新一代 B2B 获客平台',
    E'# VertaX：让 AI 为你的获客加速\n\n在 B2B 获客领域，效率就是一切。VertaX 将知识库 RAG、AI 内容生成、线索管理、数据分析和独立站建站整合到一个平台，帮你告别工具碎片化。\n\n## 核心优势\n\n1. **知识库引擎** — 上传文档，AI 自动学习，精准回答任何产品相关问题\n2. **AI 内容工坊** — 一键生成多语言营销文案、SEO 文章、社交媒体内容\n3. **智能线索管理** — 全流程追踪，从线索到赢单\n4. **AI 独立站** — 3 套模板，AI 生成内容，一键发布\n\n立即开始 14 天免费试用，体验 AI 获客的力量。',
    'zh-CN',
    'published',
    ARRAY['产品介绍', 'AI', 'B2B']
  ),
  (
    '00000000-0000-0000-0000-000000000031',
    '00000000-0000-0000-0000-000000000001',
    '00000000-0000-0000-0000-000000000002',
    'seo_article',
    '2025 年 B2B 企业如何用 AI 提升获客效率',
    E'# 2025 年 B2B 企业如何用 AI 提升获客效率\n\nB2B 获客正在经历一场 AI 驱动的革命。传统方式——展会、冷邮件、电话推销——ROI 持续走低，而 AI 工具正在成为新的增长引擎。\n\n## 三大趋势\n\n1. **从广撒网到精准打击** — AI 帮你在海量数据中找到最可能成交的客户\n2. **从手动到自动** — 内容生成、线索跟进、数据分析全面自动化\n3. **从通用到个性化** — 基于知识库的 AI 能为每个客户提供定制化内容\n\n## 实践建议\n\n- 搭建企业知识库，让 AI 真正"懂"你的产品\n- 用 AI 生成内容初稿，人工润色提效 10 倍\n- 用数据分析找到转化率最高的渠道，持续加码',
    'zh-CN',
    'published',
    ARRAY['行业洞察', 'AI', '获客']
  ),
  (
    '00000000-0000-0000-0000-000000000032',
    '00000000-0000-0000-0000-000000000001',
    '00000000-0000-0000-0000-000000000002',
    'email_outreach',
    '合作邀约：AI 获客解决方案演示邀请',
    E'您好 {客户名称}，\n\n我是星辰科技的客户经理。注意到贵司在 B2B 获客方面的投入持续增长，想向您介绍我们的 AI 获客平台 VertaX。\n\nVertaX 已帮助 50+ B2B 企业实现：\n- 获客效率提升 300%\n- 内容产出速度提升 10 倍\n- 线索转化率提升 25%\n\n如果您感兴趣，我们可以安排一个 15 分钟的线上演示。\n\n期待您的回复！',
    'zh-CN',
    'draft',
    ARRAY['邮件模板', '销售']
  ),
  (
    '00000000-0000-0000-0000-000000000033',
    '00000000-0000-0000-0000-000000000001',
    '00000000-0000-0000-0000-000000000002',
    'social_media',
    '为什么顶尖 B2B 团队都在用 AI 获客？5 个你不可不知的理由 🚀',
    E'5 个理由让你的 B2B 获客团队拥抱 AI：\n\n1️⃣ 知识库 RAG：你的产品专家 24/7 在线\n2️⃣ AI 写文案：10 分钟产出过去一天的活\n3️⃣ 线索管理：从"跟丢了"到"自动提醒"\n4️⃣ 数据分析：一眼看穿哪个渠道 ROI 最高\n5️⃣ AI 建站：不需要程序员，3 分钟上线官网\n\n评论区扣"AI"获取完整方案 👇',
    'zh-CN',
    'review',
    ARRAY['社交媒体', '推广']
  )
ON CONFLICT (id) DO NOTHING;

-- ===== 7. 线索 =====
INSERT INTO leads (id, team_id, user_id, name, company, email, phone, status, source, notes)
VALUES
  ('00000000-0000-0000-0000-000000000040', '00000000-0000-0000-0000-000000000001', '00000000-0000-0000-0000-000000000002', '王总', '云帆科技有限公司', 'wang@yunfan-tech.com', '13800001001', 'qualified', '官网咨询', '对 AI 内容工坊功能很感兴趣，已安排下周产品演示'),
  ('00000000-0000-0000-0000-000000000041', '00000000-0000-0000-0000-000000000001', '00000000-0000-0000-0000-000000000002', '陈经理', '鼎新软件有限公司', 'chen@dxsoft.cn', '13900002002', 'contacted', '展会', '在深圳 SaaS 展会上认识，对其公司的独立站建站需求明确'),
  ('00000000-0000-0000-0000-000000000042', '00000000-0000-0000-0000-000000000001', '00000000-0000-0000-0000-000000000002', '赵总监', '蓝海数据有限公司', 'zhao@blueocean-data.com', '13700003003', 'proposal', 'LinkedIn', '已发送 Pro 方案报价，等待审批'),
  ('00000000-0000-0000-0000-000000000043', '00000000-0000-0000-0000-000000000001', '00000000-0000-0000-0000-000000000002', '刘女士', '创智未来教育科技', 'liu@czwl-edu.com', '13600004004', 'new', '朋友推荐', '刚注册试用，需要安排新手指引'),
  ('00000000-0000-0000-0000-000000000044', '00000000-0000-0000-0000-000000000001', '00000000-0000-0000-0000-000000000002', '孙总', '锐思咨询有限公司', 'sun@ruisiconsulting.com', '13500005005', 'won', '官网咨询', '已完成 3 个月 Pro 版签约，年付'),
  ('00000000-0000-0000-0000-000000000045', '00000000-0000-0000-0000-000000000001', '00000000-0000-0000-0000-000000000002', '周经理', '某大型制造企业', 'zhou@manufacture-x.com', '13400006006', 'lost', '展会', '选了竞品，原因是对方有私有部署方案')
ON CONFLICT (id) DO NOTHING;

-- ===== 8. 独立站 =====
INSERT INTO sites (id, team_id, user_id, name, template_id, pages, settings, status)
VALUES
  (
    '00000000-0000-0000-0000-000000000050',
    '00000000-0000-0000-0000-000000000001',
    '00000000-0000-0000-0000-000000000002',
    '星辰科技官网',
    'modern',
    '[
      {"slug": "home", "title": "首页", "content": "<h1>星辰科技 — AI 赋能企业增长</h1><p>我们致力于用 AI 技术帮助 B2B 企业实现高效获客和业务增长</p>"},
      {"slug": "about", "title": "关于我们", "content": "<h2>关于星辰科技</h2><p>成立于 2024 年，专注 AI + B2B 获客赛道</p>"},
      {"slug": "products", "title": "产品服务", "content": "<h2>我们的产品</h2><ul><li>VertaX AI 获客平台</li><li>AI 内容工坊</li><li>智能知识库</li></ul>"}
    ]',
    '{"primaryColor": "#000000", "font": "inter", "customDomain": ""}',
    'published'
  ),
  (
    '00000000-0000-0000-0000-000000000051',
    '00000000-0000-0000-0000-000000000001',
    '00000000-0000-0000-0000-000000000002',
    'VertaX 产品展示站',
    'minimal',
    '[
      {"slug": "home", "title": "VertaX", "content": "<h1>VertaX</h1><p>AI 驱动的 B2B 获客平台</p>"},
      {"slug": "features", "title": "功能亮点", "content": "<h2>六大核心功能</h2><p>知识库、内容工坊、线索管理、数据分析、独立站、团队协作</p>"},
      {"slug": "pricing", "title": "定价方案", "content": "<h2>选择适合你的方案</h2><p>Free / Pro / Enterprise 灵活选择</p>"}
    ]',
    '{"primaryColor": "#2563eb", "font": "inter", "customDomain": ""}',
    'draft'
  )
ON CONFLICT (id) DO NOTHING;

-- ===== 9. 任务 =====
INSERT INTO tasks (id, team_id, creator_id, assignee_id, title, description, status, priority)
VALUES
  ('00000000-0000-0000-0000-000000000060', '00000000-0000-0000-0000-000000000001', '00000000-0000-0000-0000-000000000002', '00000000-0000-0000-0000-000000000002', '完成产品演示 PPT', '为下周的客户演示准备 10 页 PPT，重点展示 AI 内容工坊和知识库功能', 'done', 'high'),
  ('00000000-0000-0000-0000-000000000061', '00000000-0000-0000-0000-000000000001', '00000000-0000-0000-0000-000000000002', '00000000-0000-0000-0000-000000000003', '更新知识库文档', '把最新的产品功能文档上传到知识库，确保 AI 回答是最新的', 'in_progress', 'medium'),
  ('00000000-0000-0000-0000-000000000062', '00000000-0000-0000-0000-000000000001', '00000000-0000-0000-0000-000000000002', '00000000-0000-0000-0000-000000000002', '跟进云帆科技王总', '下周二下午 3 点产品演示，提前准备演示环境和测试数据', 'pending', 'high'),
  ('00000000-0000-0000-0000-000000000063', '00000000-0000-0000-0000-000000000001', '00000000-0000-0000-0000-000000000002', NULL, '发布本月产品更新公告', '整理本月已上线的功能，写一篇更新公告发布到官网和社交媒体', 'pending', 'medium')
ON CONFLICT (id) DO NOTHING;

-- ===== 10. 通知 =====
INSERT INTO notifications (id, team_id, user_id, title, message, is_read)
VALUES
  ('00000000-0000-0000-0000-000000000070', '00000000-0000-0000-0000-000000000001', '00000000-0000-0000-0000-000000000002', '新线索分配', '蓝海数据 赵总监 已分配给您的线索', true),
  ('00000000-0000-0000-0000-000000000071', '00000000-0000-0000-0000-000000000001', '00000000-0000-0000-0000-000000000002', '内容审核通过', '您的文章《2025 年 B2B 企业如何用 AI 提升获客效率》已通过审核并发布', true),
  ('00000000-0000-0000-0000-000000000072', '00000000-0000-0000-0000-000000000001', '00000000-0000-0000-0000-000000000002', '新成员加入', '李成员 已加入您的团队（角色：编辑）', false),
  ('00000000-0000-0000-0000-000000000073', '00000000-0000-0000-0000-000000000001', '00000000-0000-0000-0000-000000000002', '试用即将到期', '您的 Pro 版试用将在 14 天后到期，请及时升级', false),
  ('00000000-0000-0000-0000-000000000074', '00000000-0000-0000-0000-000000000001', '00000000-0000-0000-0000-000000000003', '任务分配', '张演示 为你分配了新任务：更新知识库文档', false)
ON CONFLICT (id) DO NOTHING;

-- ===== 11. 操作日志 =====
INSERT INTO activity_logs (id, team_id, user_id, user_name, action, target, details)
VALUES
  ('00000000-0000-0000-0000-000000000080', '00000000-0000-0000-0000-000000000001', '00000000-0000-0000-0000-000000000002', '张演示', '创建内容', '内容', '创建了文章「VertaX：AI 驱动的新一代 B2B 获客平台」'),
  ('00000000-0000-0000-0000-000000000081', '00000000-0000-0000-0000-000000000001', '00000000-0000-0000-0000-000000000002', '张演示', '发布内容', '内容', '发布了文章「VertaX：AI 驱动的新一代 B2B 获客平台」'),
  ('00000000-0000-0000-0000-000000000082', '00000000-0000-0000-0000-000000000001', '00000000-0000-0000-0000-000000000002', '张演示', '添加线索', '线索', '添加了线索「王总 - 云帆科技」'),
  ('00000000-0000-0000-0000-000000000083', '00000000-0000-0000-0000-000000000001', '00000000-0000-0000-0000-000000000002', '张演示', '发布站点', '站点', '发布了独立站「星辰科技官网」'),
  ('00000000-0000-0000-0000-000000000084', '00000000-0000-0000-0000-000000000001', '00000000-0000-0000-0000-000000000002', '张演示', '邀请成员', '团队', '邀请了 李成员 加入团队'),
  ('00000000-0000-0000-0000-000000000085', '00000000-0000-0000-0000-000000000001', '00000000-0000-0000-0000-000000000003', '李成员', '编辑内容', '内容', '编辑了文章「为什么顶尖 B2B 团队都在用 AI 获客？」')
ON CONFLICT (id) DO NOTHING;

-- ===== 12. Demo API Key =====
INSERT INTO api_keys (id, team_id, name, key)
VALUES (
  '00000000-0000-0000-0000-000000000090',
  '00000000-0000-0000-0000-000000000001',
  'Demo API Key',
  'vx_demo_0000000000000000000000000000000000000000'
) ON CONFLICT (id) DO NOTHING;

-- ===== 13. 演示站点访问数据（最近 7 天） =====
INSERT INTO site_analytics (site_id, page, referer, created_at)
SELECT
  '00000000-0000-0000-0000-000000000050',
  page,
  '',
  now() - (random() * interval '7 days')
FROM (VALUES ('home'), ('about'), ('products'), ('home'), ('home'), ('products'), ('about'), ('home'), ('home'), ('home')) AS pages(page);

COMMIT;

-- ============================================================
-- 验证查询
-- ============================================================
-- SELECT '团队' as 表, count(*) FROM tenants WHERE id = '00000000-0000-0000-0000-000000000001'
-- UNION ALL SELECT '用户', count(*) FROM users WHERE id IN ('00000000-0000-0000-0000-000000000002', '00000000-0000-0000-0000-000000000003')
-- UNION ALL SELECT '知识库', count(*) FROM knowledge_bases WHERE team_id = '00000000-0000-0000-0000-000000000001'
-- UNION ALL SELECT '文档', count(*) FROM documents WHERE team_id = '00000000-0000-0000-0000-000000000001'
-- UNION ALL SELECT '内容', count(*) FROM contents WHERE team_id = '00000000-0000-0000-0000-000000000001'
-- UNION ALL SELECT '线索', count(*) FROM leads WHERE team_id = '00000000-0000-0000-0000-000000000001'
-- UNION ALL SELECT '站点', count(*) FROM sites WHERE team_id = '00000000-0000-0000-0000-000000000001'
-- UNION ALL SELECT '任务', count(*) FROM tasks WHERE team_id = '00000000-0000-0000-0000-000000000001'
-- UNION ALL SELECT '通知', count(*) FROM notifications WHERE team_id = '00000000-0000-0000-0000-000000000001'
-- UNION ALL SELECT '日志', count(*) FROM activity_logs WHERE team_id = '00000000-0000-0000-0000-000000000001';
